user_input,retrieved_contexts,response,reference,faithfulness,answer_relevancy,context_precision,context_recall
What is Machine Learning?,"['Machine learning (ML) is a field of study in artificial intelligence concerned with the development and study of statistical algorithms that can learn from  data and generalize to unseen data, and thus perform tasks without being explicitly programmed. Advances in the field of deep learning have allowed neural networks, a class of statistical algorithms, to surpass many previous machine learning approaches in performance.\nStatistics and mathematical optimisation methods compose the foundations of machine learning. Data mining is a related field of study, focusing on exploratory data analysis (EDA) through unsupervised learning.\nFrom a theoretical viewpoint, probably approximately correct learning provides a mathematical and statistical framework for describing machine learning. Most traditional machine learning and deep learning algorithms can be described as empirical risk minimisation under this framework.', 'Models\nA machine learning model is a type of mathematical model that, once ""trained"" on a given dataset, can be used to make predictions or classifications on new data. During training, a learning algorithm iteratively adjusts the model\'s internal parameters to minimise errors in its predictions. By extension, the term ""model"" can refer to several levels of specificity, from a general class of models and their associated learning algorithms to a fully trained model with all its internal parameters tuned.\nVarious types of models have been used and researched for machine learning systems, picking the best model for a task is called model selection.', ""Rule-based models\nRule-based machine learning (RBML) is a branch of machine learning that automatically discovers and learns 'rules' from data. It provides interpretable models, making it useful for decision-making in fields like healthcare, fraud detection, and cybersecurity. Key RBML techniques includes learning classifier systems, association rule learning, artificial immune systems, and other similar models. These methods extract patterns from data and evolve rules over time.\n\nTraining models\nTypically, machine learning models require a high quantity of reliable data to perform accurate predictions. When training a machine learning model, machine learning engineers need to target and collect a large and representative sample of data. Data from the training set can be as varied as a corpus of text, a collection of images, sensor data, and data collected from individual users of a service. Overfitting is something to watch out for when training a machine learning model. Trained models derived from biased or non-evaluated data can result in skewed or undesired predictions. Biased models may result in detrimental outcomes, thereby furthering the negative impacts on society or objectives. Algorithmic bias is a potential result of data not being fully prepared for training. Machine learning ethics is becoming a field of study and, notably, becoming integrated within machine learning engineering teams."", 'Generalization\nCharacterizing the generalisation of various learning algorithms is an active topic of current research, especially for deep learning algorithms.\n\nStatistics\nMachine learning and statistics are closely related fields in terms of methods, but distinct in their principal goal: statistics draws population inferences from a sample, while machine learning finds generalisable predictive patterns.\nConventional statistical analyses require the a priori selection of a model most suitable for the study data set. In addition, only significant or theoretically relevant variables based on previous experience are included for analysis. In contrast, machine learning is not built on a pre-structured model; rather, the data shape the model by detecting underlying patterns. The more variables (input) used to train the model, the more accurate the ultimate model will be.\nLeo Breiman distinguished two statistical modelling paradigms: the data model and the algorithmic model, wherein ""algorithmic model"" means more or less the machine learning algorithms like Random forest.\nSome statisticians have adopted methods from machine learning, producing the field of statistical learning.', 'Machine learning (ML), reorganised and recognised as its own field, started to flourish in the 1990s. The field changed its goal from achieving artificial intelligence to tackling solvable problems of a practical nature. It shifted focus away from the symbolic approaches it had inherited from AI, and toward methods and models borrowed from statistics, fuzzy logic, and probability theory.']","Machine learning (ML) is a field of study in artificial intelligence concerned with the development and study of statistical algorithms that can learn from data and generalize to unseen data, and thus perform tasks without being explicitly programmed.",Machine Learning is a field of artificial intelligence that enables computers to learn patterns from data and make predictions or decisions without being explicitly programmed.,,0.7788864388187869,,
What are the main types of Machine Learning?,"['Approaches\nMachine learning approaches are traditionally divided into three broad categories, which correspond to learning paradigms, depending on the nature of the ""signal"" or ""feedback"" available to the learning system:\n\nSupervised learning: The computer is presented with example inputs and their desired outputs, given by a ""teacher"", and the goal is to learn a general rule that maps inputs to outputs.\nUnsupervised learning: No labels are given to the learning algorithm, leaving it on its own to find structure in its input. Unsupervised learning can be a goal in itself (discovering hidden patterns in data) or a means towards an end (feature learning).\nReinforcement learning: A computer program interacts with a dynamic environment in which it must perform a certain goal (such as driving a vehicle or playing a game against an opponent). As it navigates its problem space, the program is provided rewards as feedback, which it tries to maximize, thus resulting in the program learning from experience.\nAlthough each algorithm has advantages and limitations, no single algorithm works for all problems.', 'Reinforcement learning\nReinforcement learning is an area of machine learning concerned with how software agents ought to take actions in an environment to maximise some notion of cumulative reward. Due to its generality, the field is studied in many other disciplines, such as game theory, control theory, operations research, information theory, simulation-based optimisation, multi-agent systems, swarm intelligence, statistics and genetic algorithms. In reinforcement learning, the environment is typically represented as a Markov decision process (MDP). Many reinforcement learning algorithms use dynamic programming techniques. Reinforcement learning algorithms do not assume knowledge of an exact mathematical model of the MDP and are used when exact models are infeasible. Reinforcement learning algorithms are used in autonomous vehicles or in learning to play a game against a human opponent.\n\nOther types\nOther approaches have been developed which do not fit neatly into this three-fold categorisation, and sometimes more than one is used by the same machine learning system. For example, topic modelling, meta-learning.', 'Models\nA machine learning model is a type of mathematical model that, once ""trained"" on a given dataset, can be used to make predictions or classifications on new data. During training, a learning algorithm iteratively adjusts the model\'s internal parameters to minimise errors in its predictions. By extension, the term ""model"" can refer to several levels of specificity, from a general class of models and their associated learning algorithms to a fully trained model with all its internal parameters tuned.\nVarious types of models have been used and researched for machine learning systems, picking the best model for a task is called model selection.', 'Machine learning (ML) is a field of study in artificial intelligence concerned with the development and study of statistical algorithms that can learn from  data and generalize to unseen data, and thus perform tasks without being explicitly programmed. Advances in the field of deep learning have allowed neural networks, a class of statistical algorithms, to surpass many previous machine learning approaches in performance.\nStatistics and mathematical optimisation methods compose the foundations of machine learning. Data mining is a related field of study, focusing on exploratory data analysis (EDA) through unsupervised learning.\nFrom a theoretical viewpoint, probably approximately correct learning provides a mathematical and statistical framework for describing machine learning. Most traditional machine learning and deep learning algorithms can be described as empirical risk minimisation under this framework.', ""Types of supervised-learning algorithms include active learning, classification and regression. Classification algorithms are used when the outputs are restricted to a limited set of values, while regression algorithms are used when the outputs can take any numerical value within a range. For example, in a classification algorithm that filters emails, the input is an incoming email, and the output is the folder in which to file the email. In contrast, regression is used for tasks such as predicting a person's height based on factors like age and genetics or forecasting future temperatures based on historical data.\nSimilarity learning is an area of supervised machine learning closely related to regression and classification, but the goal is to learn from examples using a similarity function that measures how similar or related two objects are. It has applications in ranking, recommendation systems, visual identity tracking, face verification, and speaker verification.""]","The main types of Machine Learning are traditionally divided into three broad categories: 

1. Supervised learning
2. Unsupervised learning
3. Reinforcement learning.","The main types of Machine Learning are supervised learning, unsupervised learning, semi-supervised learning, and reinforcement learning.",,,0.9999999999,0.0
What is a Neural Network?,"['A neural network is a group of interconnected units called neurons that send signals to one another. Neurons can be either biological cells or mathematical models. While individual neurons are simple, many of them together in a network can perform complex tasks. There are two main types of neural networks.\n\nIn neuroscience, a biological neural network is a physical structure found in brains and complex nervous systems – a population of nerve cells connected by synapses.\nIn machine learning, an artificial neural network is a mathematical model used to approximate nonlinear functions. Artificial neural networks are used to solve artificial intelligence problems.\nIn neuroscience, behavior and cognition arise from interactions between distributed brain regions. In computer science, artificial neural networks power many modern AI systems, but require large datasets and substantial computing power. Additionally, their internal representations are difficult to interpret.', 'In machine learning\nIn machine learning, a neural network is an artificial mathematical model used to approximate nonlinear functions. While early artificial neural networks were physical machines, today they are almost always implemented in software.\nNeurons in an artificial neural network are usually arranged into layers, with information passing from the first layer (the input layer) through one or more intermediate layers (the hidden layers) to the final layer (the output layer).\nThe ""signal"" input to each neuron is a number, specifically a linear combination of the outputs of the connected neurons in the previous layer. The signal each neuron outputs is calculated from this number, according to its activation function. The behavior of the network depends on the strengths (or weights) of the connections between neurons. A network is trained by modifying these weights through empirical risk minimization or backpropagation in order to fit some preexisting dataset.\nThe term deep neural network refers to neural networks that have more than three layers, typically including at least two hidden layers in addition to the input and output layers.\nBecause their internal representations are difficult to analyze, artificial neural networks are often described as ""black box"" models, and interpretability is an active domain of research, especially for high-stakes applications.', 'Neural networks\nArtificial neural networks (ANNs) or connectionist systems are computing systems inspired by the biological neural networks that constitute animal brains. Such systems learn (progressively improve their ability) to do tasks by considering examples, generally without task-specific programming. For example, in image recognition, they might learn to identify images that contain cats by analyzing example images that have been manually labeled as ""cat"" or ""no cat"" and using the analytic results to identify cats in other images. They have found most use in applications difficult to express with a traditional computer algorithm using rule-based programming.\nAn ANN is based on a collection of connected units called artificial neurons, (analogous to biological neurons in a biological brain). Each connection (synapse) between neurons can transmit a signal to another neuron. The receiving (postsynaptic) neuron can process the signal(s) and then signal downstream neurons connected to it. Neurons may have state, generally represented by real numbers, typically between 0 and 1. Neurons and synapses may also have a weight that varies as learning proceeds, which can increase or decrease the strength of the signal that it sends downstream.', 'Artificial neural networks\nArtificial neural networks (ANNs), or connectionist systems, are computing systems vaguely inspired by the biological neural networks that constitute animal brains. Such systems ""learn"" to perform tasks by considering examples, generally without being programmed with any task-specific rules.', 'Deep neural networks\nA deep neural network (DNN) is an artificial neural network with multiple layers between the input and output layers. There are different types of neural networks but they always consist of the same components: neurons, synapses, weights, biases, and functions. These components as a whole function in a way that mimics functions of the human brain, and can be trained like any other ML algorithm.\nFor example, a DNN that is trained to recognize dog breeds will go over the given image and calculate the probability that the dog in the image is a certain breed. The user can review the results and select which probabilities the network should display (above a certain threshold, etc.) and return the proposed label. Each mathematical manipulation as such is considered a layer, and complex DNN have many layers, hence the name ""deep"" networks.\nDNNs can model complex non-linear relationships. DNN architectures generate compositional models where the object is expressed as a layered composition of primitives. The extra layers enable composition of features from lower layers, potentially modeling complex data with fewer units than a similarly performing shallow network. For instance, it was proved that sparse multivariate polynomials are exponentially easier to approximate with DNNs than with shallow networks.']","A neural network is a group of interconnected units called neurons that send signals to one another. Neurons can be either biological cells or mathematical models. While individual neurons are simple, many of them together in a network can perform complex tasks.",A Neural Network is a computational model inspired by the human brain that consists of interconnected nodes organized in layers to process information.,,0.8026670682135089,0.99999999998,
How does a Neural Network work?,"['In machine learning\nIn machine learning, a neural network is an artificial mathematical model used to approximate nonlinear functions. While early artificial neural networks were physical machines, today they are almost always implemented in software.\nNeurons in an artificial neural network are usually arranged into layers, with information passing from the first layer (the input layer) through one or more intermediate layers (the hidden layers) to the final layer (the output layer).\nThe ""signal"" input to each neuron is a number, specifically a linear combination of the outputs of the connected neurons in the previous layer. The signal each neuron outputs is calculated from this number, according to its activation function. The behavior of the network depends on the strengths (or weights) of the connections between neurons. A network is trained by modifying these weights through empirical risk minimization or backpropagation in order to fit some preexisting dataset.\nThe term deep neural network refers to neural networks that have more than three layers, typically including at least two hidden layers in addition to the input and output layers.\nBecause their internal representations are difficult to analyze, artificial neural networks are often described as ""black box"" models, and interpretability is an active domain of research, especially for high-stakes applications.', 'Neural networks\nArtificial neural networks (ANNs) or connectionist systems are computing systems inspired by the biological neural networks that constitute animal brains. Such systems learn (progressively improve their ability) to do tasks by considering examples, generally without task-specific programming. For example, in image recognition, they might learn to identify images that contain cats by analyzing example images that have been manually labeled as ""cat"" or ""no cat"" and using the analytic results to identify cats in other images. They have found most use in applications difficult to express with a traditional computer algorithm using rule-based programming.\nAn ANN is based on a collection of connected units called artificial neurons, (analogous to biological neurons in a biological brain). Each connection (synapse) between neurons can transmit a signal to another neuron. The receiving (postsynaptic) neuron can process the signal(s) and then signal downstream neurons connected to it. Neurons may have state, generally represented by real numbers, typically between 0 and 1. Neurons and synapses may also have a weight that varies as learning proceeds, which can increase or decrease the strength of the signal that it sends downstream.', 'A neural network is a group of interconnected units called neurons that send signals to one another. Neurons can be either biological cells or mathematical models. While individual neurons are simple, many of them together in a network can perform complex tasks. There are two main types of neural networks.\n\nIn neuroscience, a biological neural network is a physical structure found in brains and complex nervous systems – a population of nerve cells connected by synapses.\nIn machine learning, an artificial neural network is a mathematical model used to approximate nonlinear functions. Artificial neural networks are used to solve artificial intelligence problems.\nIn neuroscience, behavior and cognition arise from interactions between distributed brain regions. In computer science, artificial neural networks power many modern AI systems, but require large datasets and substantial computing power. Additionally, their internal representations are difficult to interpret.', 'Deep neural networks\nA deep neural network (DNN) is an artificial neural network with multiple layers between the input and output layers. There are different types of neural networks but they always consist of the same components: neurons, synapses, weights, biases, and functions. These components as a whole function in a way that mimics functions of the human brain, and can be trained like any other ML algorithm.\nFor example, a DNN that is trained to recognize dog breeds will go over the given image and calculate the probability that the dog in the image is a certain breed. The user can review the results and select which probabilities the network should display (above a certain threshold, etc.) and return the proposed label. Each mathematical manipulation as such is considered a layer, and complex DNN have many layers, hence the name ""deep"" networks.\nDNNs can model complex non-linear relationships. DNN architectures generate compositional models where the object is expressed as a layered composition of primitives. The extra layers enable composition of features from lower layers, potentially modeling complex data with fewer units than a similarly performing shallow network. For instance, it was proved that sparse multivariate polynomials are exponentially easier to approximate with DNNs than with shallow networks.', 'An ANN is a model based on a collection of connected units or nodes called ""artificial neurons"", which loosely model the neurons in a biological brain. Each connection, like the synapses in a biological brain, can transmit information, a ""signal"", from one artificial neuron to another. An artificial neuron that receives a signal can process it and then signal additional artificial neurons connected to it. In common ANN implementations, the signal at a connection between artificial neurons is a real number, and the output of each artificial neuron is computed by some non-linear function of the sum of its inputs. The connections between artificial neurons are called ""edges"". Artificial neurons and edges typically have a weight that adjusts as learning proceeds. The weight increases or decreases the strength of the signal at a connection. Artificial neurons may have a threshold such that the signal is only sent if the aggregate signal crosses that threshold. Typically, artificial neurons are aggregated into layers. Different layers may perform different kinds of transformations on their inputs. Signals travel from the first layer (the input layer) to the last layer (the output layer), possibly after traversing the layers multiple times.']","A neural network works by having neurons arranged into layers, with information passing from the input layer through one or more hidden layers to the output layer. Each neuron receives a signal, which is a linear combination of the outputs of the connected neurons in the previous layer. The signal is then processed by the neuron according to its activation function. The behavior of the network depends on the strengths (or weights) of the connections between neurons, which are modified during training to fit a preexisting dataset. The network learns to do tasks by considering examples, and the connections between neurons can transmit signals to one another, with the receiving neuron processing the signal and then signaling downstream neurons connected to it.","A Neural Network works by passing input data through interconnected layers of neurons, applying weights and activation functions to produce outputs.",,0.8243927990056013,0.99999999998,
What is Deep Learning?,"['In machine learning, deep learning (DL) focuses on utilizing multilayered neural networks to perform tasks such as classification, regression, and representation learning. The field takes inspiration from biological neuroscience and revolves around stacking artificial neurons into layers and ""training"" them to process data. The adjective ""deep"" refers to the use of multiple layers (ranging from three to several hundred or thousands) in the network. Methods used can be supervised, semi-supervised or unsupervised.\nSome common deep learning network architectures include fully connected networks, deep belief networks, recurrent neural networks, convolutional neural networks, generative adversarial networks, transformers, and neural radiance fields. These architectures have been applied to fields including computer vision, speech recognition, natural language processing, machine translation, bioinformatics, drug design, medical image analysis, climate science, material inspection and board game programs, where they have produced results comparable to and in some cases surpassing human expert performance.\nEarly forms of neural networks were inspired by information processing and distributed communication nodes in biological systems, particularly the human brain. However, current neural networks do not intend to model the brain function of organisms, and are generally seen as low-quality models for that purpose.', 'Deep neural networks\nA deep neural network (DNN) is an artificial neural network with multiple layers between the input and output layers. There are different types of neural networks but they always consist of the same components: neurons, synapses, weights, biases, and functions. These components as a whole function in a way that mimics functions of the human brain, and can be trained like any other ML algorithm.\nFor example, a DNN that is trained to recognize dog breeds will go over the given image and calculate the probability that the dog in the image is a certain breed. The user can review the results and select which probabilities the network should display (above a certain threshold, etc.) and return the proposed label. Each mathematical manipulation as such is considered a layer, and complex DNN have many layers, hence the name ""deep"" networks.\nDNNs can model complex non-linear relationships. DNN architectures generate compositional models where the object is expressed as a layered composition of primitives. The extra layers enable composition of features from lower layers, potentially modeling complex data with fewer units than a similarly performing shallow network. For instance, it was proved that sparse multivariate polynomials are exponentially easier to approximate with DNNs than with shallow networks.', 'Overview\nMost modern deep learning models are based on multi-layered neural networks such as convolutional neural networks and transformers, although they can also include propositional formulas or latent variables organized layer-wise in deep generative models such as the nodes in deep belief networks and deep Boltzmann machines.\nFundamentally, deep learning refers to a class of machine learning algorithms in which a hierarchy of layers is used to transform input data into a progressively more abstract and composite representation. For example, in an image recognition model, the raw input may be an image (represented as a tensor of pixels). The first representational layer may attempt to identify basic shapes such as lines and circles, the second layer may compose and encode arrangements of edges, the third layer may encode a nose and eyes, and the fourth layer may recognize that the image contains a face.', 'The word ""deep"" in ""deep learning"" refers to the number of layers through which the data is transformed. More precisely, deep learning systems have a substantial credit assignment path (CAP) depth. The CAP is the chain of transformations from input to output. CAPs describe potentially causal connections between input and output. For a feedforward neural network, the depth of the CAPs is that of the network and is the number of hidden layers plus one (as the output layer is also parameterized). For recurrent neural networks, in which a signal may propagate through a layer more than once, the CAP depth is potentially unlimited. No universally agreed-upon threshold of depth divides shallow learning from deep learning, but most researchers agree that deep learning involves CAP depth higher than two. CAP of depth two has been shown to be a universal approximator in the sense that it can emulate any function. Beyond that, more layers do not add to the function approximator ability of the network. Deep models (CAP > two) are able to extract better features than shallow models and hence, extra layers help in learning the features effectively.\nDeep learning architectures can be constructed with a greedy layer-by-layer method. Deep learning helps to disentangle these abstractions and pick out which features improve performance.', 'Mobile advertising\nFinding the appropriate mobile audience for mobile advertising is always challenging, since many data points must be considered and analyzed before a target segment can be created and used in ad serving by any ad server. Deep learning has been used to interpret large, many-dimensioned advertising datasets. Many data points are collected during the request/serve/click internet advertising cycle. This information can form the basis of machine learning to improve ad selection.\n\nImage restoration\nDeep learning has been successfully applied to inverse problems such as denoising, super-resolution, inpainting, and film colorization. These applications include learning methods such as ""Shrinkage Fields for Effective Image Restoration"" which trains on an image dataset, and Deep Image Prior, which trains on the image that needs restoration.\n\nFinancial fraud detection\nDeep learning is being applied to financial fraud detection, tax evasion detection, and anti-money laundering.']","Deep Learning (DL) is a field of machine learning that focuses on utilizing multilayered neural networks to perform tasks such as classification, regression, and representation learning. It takes inspiration from biological neuroscience and involves stacking artificial neurons into layers and ""training"" them to process data. The term ""deep"" refers to the use of multiple layers in the network, ranging from three to several hundred or thousands.",Deep Learning is a subset of Machine Learning that uses multi-layer neural networks to automatically learn complex patterns from large amounts of data.,,0.7729835724235637,0.99999999998,
What is the difference between Machine Learning and Deep Learning?,"['In machine learning, deep learning (DL) focuses on utilizing multilayered neural networks to perform tasks such as classification, regression, and representation learning. The field takes inspiration from biological neuroscience and revolves around stacking artificial neurons into layers and ""training"" them to process data. The adjective ""deep"" refers to the use of multiple layers (ranging from three to several hundred or thousands) in the network. Methods used can be supervised, semi-supervised or unsupervised.\nSome common deep learning network architectures include fully connected networks, deep belief networks, recurrent neural networks, convolutional neural networks, generative adversarial networks, transformers, and neural radiance fields. These architectures have been applied to fields including computer vision, speech recognition, natural language processing, machine translation, bioinformatics, drug design, medical image analysis, climate science, material inspection and board game programs, where they have produced results comparable to and in some cases surpassing human expert performance.\nEarly forms of neural networks were inspired by information processing and distributed communication nodes in biological systems, particularly the human brain. However, current neural networks do not intend to model the brain function of organisms, and are generally seen as low-quality models for that purpose.', 'The word ""deep"" in ""deep learning"" refers to the number of layers through which the data is transformed. More precisely, deep learning systems have a substantial credit assignment path (CAP) depth. The CAP is the chain of transformations from input to output. CAPs describe potentially causal connections between input and output. For a feedforward neural network, the depth of the CAPs is that of the network and is the number of hidden layers plus one (as the output layer is also parameterized). For recurrent neural networks, in which a signal may propagate through a layer more than once, the CAP depth is potentially unlimited. No universally agreed-upon threshold of depth divides shallow learning from deep learning, but most researchers agree that deep learning involves CAP depth higher than two. CAP of depth two has been shown to be a universal approximator in the sense that it can emulate any function. Beyond that, more layers do not add to the function approximator ability of the network. Deep models (CAP > two) are able to extract better features than shallow models and hence, extra layers help in learning the features effectively.\nDeep learning architectures can be constructed with a greedy layer-by-layer method. Deep learning helps to disentangle these abstractions and pick out which features improve performance.', 'Overview\nMost modern deep learning models are based on multi-layered neural networks such as convolutional neural networks and transformers, although they can also include propositional formulas or latent variables organized layer-wise in deep generative models such as the nodes in deep belief networks and deep Boltzmann machines.\nFundamentally, deep learning refers to a class of machine learning algorithms in which a hierarchy of layers is used to transform input data into a progressively more abstract and composite representation. For example, in an image recognition model, the raw input may be an image (represented as a tensor of pixels). The first representational layer may attempt to identify basic shapes such as lines and circles, the second layer may compose and encode arrangements of edges, the third layer may encode a nose and eyes, and the fourth layer may recognize that the image contains a face.', 'Importantly, a deep learning process can learn which features to optimally place at which level on its own. Prior to deep learning, machine learning techniques often involved hand-crafted feature engineering to transform the data into a more suitable representation for a classification algorithm to operate on. In the deep learning approach, features are not hand-crafted and the model discovers useful feature representations from the data automatically. This does not eliminate the need for hand-tuning; for example, varying numbers of layers and layer sizes can provide different degrees of abstraction.', 'Machine learning (ML) is a field of study in artificial intelligence concerned with the development and study of statistical algorithms that can learn from  data and generalize to unseen data, and thus perform tasks without being explicitly programmed. Advances in the field of deep learning have allowed neural networks, a class of statistical algorithms, to surpass many previous machine learning approaches in performance.\nStatistics and mathematical optimisation methods compose the foundations of machine learning. Data mining is a related field of study, focusing on exploratory data analysis (EDA) through unsupervised learning.\nFrom a theoretical viewpoint, probably approximately correct learning provides a mathematical and statistical framework for describing machine learning. Most traditional machine learning and deep learning algorithms can be described as empirical risk minimisation under this framework.']","According to the provided context, Machine Learning (ML) is a field of study in artificial intelligence concerned with the development and study of statistical algorithms that can learn from data and generalize to unseen data. On the other hand, Deep Learning (DL) is a class of machine learning algorithms that utilizes multilayered neural networks to perform tasks such as classification, regression, and representation learning. In other words, Deep Learning is a subset of Machine Learning that focuses on the use of multiple layers of neural networks to learn from data. While Machine Learning involves various types of algorithms, Deep Learning is a specific type of algorithm that has been shown to surpass many previous machine learning approaches in performance.","Machine Learning focuses on algorithms that learn from data, while Deep Learning is a subset of Machine Learning that uses deep neural networks with multiple layers.",,,0.99999999998,
What is a Transformer Model?,"['In deep learning, the transformer is a family of artificial neural network architectures based on the multi-head attention mechanism, in which text is converted to numerical representations called tokens, and each token is converted into a vector via lookup from a word embedding table. At each layer, each token is then contextualized within the scope of the context window with other (unmasked) tokens via a parallel multi-head attention mechanism, allowing the signal for key tokens to be amplified and less important tokens to be diminished. Because self-attention alone is permutation-invariant, transformers inject positional information, typically through positional encodings or learned positional embeddings, so token order can affect the output.\nTransformers have the advantage of having no recurrent units, therefore requiring less training time than earlier recurrent neural architectures (RNNs) such as long short-term memory (LSTM). Later variations have been widely adopted for training large language models (LLMs) on large (language) datasets. Modern transformer designs are commonly grouped into encoder-only, decoder-only, and encoder-decoder variants, depending on whether they are optimized for representation learning, autoregressive generation, or conditional sequence-to-sequence tasks.', 'Transformers have been applied in modalities beyond text. Four days after the publication of ""Attention is All You Need"", a multimodal transformer architecture, MultiModel, was published by most authors of that paper. Other examples include the vision transformer, speech recognition, robotics, and multimodal. The vision transformer, in turn, stimulated new developments in convolutional neural networks. Image and video generators like DALL-E (2021), Stable Diffusion 3 (2024), and Sora (2024), use transformers to analyse input data (like text prompts) by breaking it down into ""tokens"" and then calculating the relevance between each token using self-attention, which helps the model understand the context and relationships within the data.', 'The original version of the transformer architecture was proposed in the 2017 paper ""Attention Is All You Need"" by researchers at Google. The predecessors of transformers were developed as an improvement over previous architectures for machine translation, but have found many applications since. They are used in large-scale natural language processing, computer vision (vision transformers), reinforcement learning, audio, multimodal learning, robotics,, playing chess and at disaster responses. It has also led to the development of pre-trained systems, such as generative pre-trained transformers (GPTs) and BERT (bidirectional encoder representations from transformers).', 'Terminology\nThe transformer architecture, being modular, allows variations. Several common variations are described here.\nAn ""encoder-only"" transformer applies the encoder to map an input text into a sequence of vectors that represent the input text. This is usually used for text embedding and representation learning for downstream applications. BERT is encoder-only. They are less often used currently, as they were found to be not significantly better than training an encoder–decoder transformer, then taking just the encoder. They are also referred to as ""all-to-all"" or ""BERT-like"".\nA ""decoder-only"" transformer is not literally decoder-only, since without an encoder, the cross-attention mechanism has nothing to attend to. Thus, the decoder layers in a decoder-only transformer is composed of just two sublayers: the causally masked self-attention, and the feedforward network. This is usually used for text generation and instruction following. The models in the GPT series and Chinchilla series are decoder-only. They are also referred to as ""autoregressive"" or ""causal"".', 'Applications\nThe transformer has had great success in natural language processing (NLP). Many large language models such as GPT-2, GPT-3, GPT-4, Gemini, AlbertAGPT, Claude, BERT, Grok, XLNet, RoBERTa and ChatGPT demonstrate the ability of transformers to perform a wide variety of NLP-related subtasks and their related real-world applications, including:\n\nmachine translation\ntime series prediction\ndocument summarization\ndocument generation\nnamed entity recognition (NER)\nwriting computer code based on requirements expressed in natural language.\nspeech-to-text\nBeyond traditional NLP, the transformer architecture has had success in other applications, such as:\n\nDisaster response\nbiological sequence analysis\nvideo understanding\nprotein folding (such as AlphaFold)\nevaluating chess board positions. Using static evaluation alone (that is, with no Minimax search) transformer achieved an Elo of 2895, putting it at grandmaster level.\n\nSee also\nseq2seq – Family of machine learning approaches\nCircuit (neural network) – Interpretable computational sub-graphs within artificial neural networks\nPerceiver – Variant of Transformer designed for multimodal data\nVision transformer – Machine learning model for vision processing\nLarge language model – Type of machine learning model\nBERT (language model) – Series of language models developed by Google AI\nGenerative pre-trained transformer – Type of large language model\nT5 (language model) – Series of large language models developed by Google AI']","A Transformer model is a family of artificial neural network architectures based on the multi-head attention mechanism. It converts text into numerical representations called tokens, and each token is converted into a vector via lookup from a word embedding table. The model uses self-attention to contextualize each token within the scope of the context window with other tokens, allowing important tokens to be amplified and less important tokens to be diminished.",A Transformer Model is a deep learning architecture that uses self-attention mechanisms to process and understand sequential data efficiently.,,,0.99999999998,1.0
What is self-attention in Transformer models?,"['Transformers have been applied in modalities beyond text. Four days after the publication of ""Attention is All You Need"", a multimodal transformer architecture, MultiModel, was published by most authors of that paper. Other examples include the vision transformer, speech recognition, robotics, and multimodal. The vision transformer, in turn, stimulated new developments in convolutional neural networks. Image and video generators like DALL-E (2021), Stable Diffusion 3 (2024), and Sora (2024), use transformers to analyse input data (like text prompts) by breaking it down into ""tokens"" and then calculating the relevance between each token using self-attention, which helps the model understand the context and relationships within the data.', 'Parallelizing attention\nSeq2seq models with attention (including self-attention) still suffered from the same issue with recurrent networks, which is that they are hard to parallelize, which prevented them from being accelerated on GPUs. In 2016, decomposable attention applied a self-attention mechanism to feedforward networks, which are easy to parallelize, and achieved SOTA result in textual entailment with an order of magnitude fewer parameters than LSTMs. One of its authors, Jakob Uszkoreit, suspected that attention without recurrence would be sufficient for language translation, thus the title ""attention is all you need"". That hypothesis was against conventional wisdom at the time, and even his father Hans Uszkoreit, a well-known computational linguist, was skeptical. In the same year, self-attention (called intra-attention or intra-sentence attention) was proposed for LSTMs.', 'Encoder–decoder (overview)\nLike earlier seq2seq models, the original transformer model used an encoder–decoder architecture. The encoder consists of encoding layers that process all the input tokens together one layer after another, while the decoder consists of decoding layers that iteratively process the encoder\'s output and the decoder\'s output tokens so far.\nThe purpose of each encoder layer is to create contextualized representations of the tokens, where each representation corresponds to a token that ""mixes"" information from other input tokens via self-attention mechanism. Each decoder layer contains two attention sublayers: (1) cross-attention for incorporating the output of encoder (contextualized input token representations), and (2) self-attention for ""mixing"" information among the input tokens to the decoder (i.e. the tokens generated so far during inference time).\nBoth the encoder and decoder layers have a feed-forward neural network for additional processing of their outputs and contain residual connections and layer normalization steps. These feed-forward layers contain most of the parameters in a transformer model.', 'In deep learning, the transformer is a family of artificial neural network architectures based on the multi-head attention mechanism, in which text is converted to numerical representations called tokens, and each token is converted into a vector via lookup from a word embedding table. At each layer, each token is then contextualized within the scope of the context window with other (unmasked) tokens via a parallel multi-head attention mechanism, allowing the signal for key tokens to be amplified and less important tokens to be diminished. Because self-attention alone is permutation-invariant, transformers inject positional information, typically through positional encodings or learned positional embeddings, so token order can affect the output.\nTransformers have the advantage of having no recurrent units, therefore requiring less training time than earlier recurrent neural architectures (RNNs) such as long short-term memory (LSTM). Later variations have been widely adopted for training large language models (LLMs) on large (language) datasets. Modern transformer designs are commonly grouped into encoder-only, decoder-only, and encoder-decoder variants, depending on whether they are optimized for representation learning, autoregressive generation, or conditional sequence-to-sequence tasks.', 'Multihead attention\nOne set of \n  \n    \n      \n        \n          (\n          \n            \n              W\n              \n                Q\n              \n            \n            ,\n            \n              W\n              \n                K\n              \n            \n            ,\n            \n              W\n              \n                V\n              \n            \n          \n          )\n        \n      \n    \n    {\\displaystyle \\left(W^{Q},W^{K},W^{V}\\right)}\n  \n matrices is called an attention head, and each layer in a transformer model has multiple attention heads. While each attention head attends to the tokens that are relevant to each token, multiple attention heads allow the model to do this for different definitions of ""relevance"". Specifically, the query and key projection matrices, \n  \n    \n      \n        \n          W\n          \n            Q\n          \n        \n      \n    \n    {\\displaystyle W^{Q}}\n  \n and \n  \n    \n      \n        \n          W\n          \n            K\n          \n        \n      \n    \n    {\\displaystyle W^{K}}\n  \n , which are involved in the attention score computation, defines the ""relevance"". Meanwhile, the value projection matrix \n  \n    \n      \n        \n          W\n          \n            V\n          \n        \n      \n    \n    {\\displaystyle W^{V}}\n  \n, in combination with the part of the output projection matrix \n  \n    \n      \n        \n          W\n          \n            O\n          \n        \n      \n    \n    {\\displaystyle W^{O}}']","Self-attention in Transformer models is a mechanism that allows the model to ""mix"" information among the input tokens, enabling it to understand the context and relationships within the data. It is a key component of the Transformer architecture, where each token is contextualized within the scope of the context window with other tokens via a parallel multi-head attention mechanism. This allows the signal for key tokens to be amplified and less important tokens to be diminished.",Self-attention is a mechanism in Transformer models that allows each token to focus on relevant tokens in the input sequence when generating representations.,1.0,0.8246998318857567,0.99999999998,1.0
What is Natural Language Processing?,"['Natural language processing (NLP) is the processing of natural language information by a computer. NLP is a subfield of computer science and is closely associated with artificial intelligence. NLP is also related to information retrieval, knowledge representation, computational linguistics, and linguistics more broadly.\nMajor processing tasks in an NLP system include: speech recognition, text classification, natural language understanding, and natural language generation.\n\nHistory\nNatural language processing has its roots in the 1950s. Already in 1950, Alan Turing published an article titled ""Computing Machinery and Intelligence,"" which proposed what is now called the Turing test as a criterion of intelligence, though at the time that was not articulated as a problem separate from artificial intelligence. The proposed test includes a task that involves the automated interpretation and generation of natural language.\n\nSymbolic NLP (1950s – early 1990s)\nThe premise of symbolic NLP is often illustrated using John Searle\'s Chinese room thought experiment: Given a collection of rules (e.g., a Chinese phrasebook, with questions and matching answers), the computer emulates natural language understanding (or other NLP tasks) by applying those rules to the data it confronts.', 'Book generation\nNot an NLP task proper but an extension of natural language generation and other NLP tasks is the creation of full-fledged books. The first machine-generated book was created by a rule-based system in 1984 (Racter, The policeman\'s beard is half-constructed). The first published work by a neural network was published in 2018, 1 the Road, marketed as a novel, contains sixty million words. Both these systems are basically elaborate but nonsensical (semantics-free) language models. The first machine-generated science book was published in 2019 (Beta Writer, Lithium-Ion Batteries, Springer, Cham). Unlike Racter and 1 the Road, this is grounded on factual knowledge and based on text summarization.\nDocument AI\nA Document AI platform sits on top of the NLP technology enabling users with no prior experience of artificial intelligence, machine learning or NLP to quickly train a computer to extract the specific data they need from different document types. NLP-powered Document AI enables non-technical teams to quickly access information hidden in documents, for example, lawyers, business analysts and accountants.\nDialogue management\nComputer systems intended to converse with a human.\nQuestion answering\nGiven a human-language question, determine its answer. Typical questions have a specific right answer (such as ""What is the capital of Canada?""), but sometimes open-ended questions are also considered (such as ""What is the meaning of life?"").\nText-to-image generation', 'Natural language understanding (NLU)\nConvert chunks of text into more formal representations such as first-order logic structures that are easier for computer programs to manipulate. Natural language understanding involves the identification of the intended semantic from the multiple possible semantics that can be derived from a natural language expression which usually takes the form of organized notations of natural language concepts. Introduction and creation of language metamodels and ontologies are efficient but empirical solutions. An explicit formalization of natural language semantics without confusion with implicit assumptions such as closed-world assumption (CWA) vs. open-world assumption, or subjective Yes/No vs. objective True/False is expected for the construction of a basis of semantics formalization.\nNatural language generation (NLG):\nConvert information from computer databases or semantic intents into readable human language.\nBook generation', 'restoring or repairing incomplete or corrupted text. For example, the input, ""Thank you\u202f~~\u202fme to your party\u202f~~\u202fweek"", might generate the output, ""Thank you for inviting me to your party last week"".\ntranslation between natural languages (machine translation)\njudging the pragmatic acceptability of natural language. For example, the following sentence might be judged ""not acceptable"", because even though it is syntactically well-formed, it is improbable in ordinary human usage: The course is jumping well.\nNote that while each of these tasks is trivial or obvious for human native speakers of the language (or languages), they have typically proved challenging for previous generations of machine learning architecture.', 'Common NLP tasks\nThe following is a list of some of the most commonly researched tasks in natural language processing. Some of these tasks have direct real-world applications, while others more commonly serve as subtasks that are used to aid in solving larger tasks.\nThough natural language processing tasks are closely intertwined, they can be subdivided into categories for convenience. A coarse division is given below.']",Natural Language Processing (NLP) is the processing of natural language information by a computer. It is a subfield of computer science and is closely associated with artificial intelligence.,"Natural Language Processing is a branch of artificial intelligence that enables computers to understand, interpret, generate, and interact with human language.",1.0,0.8008423261007961,0.999999999975,1.0
What are the applications of Natural Language Processing?,"['Higher-level NLP applications\nAutomatic summarization (text summarization)\nProduce a readable summary of a chunk of text.  Often used to provide summaries of the text of a known type, such as research papers, articles in the financial section of a newspaper.\nGrammatical error correction\nGrammatical error detection and correction involves a great bandwidth of problems on all levels of linguistic analysis (phonology/orthography, morphology, syntax, semantics, pragmatics). Grammatical error correction is impactful since it affects hundreds of millions of people who use or acquire English as a second language. It has thus been subject to a number of shared tasks since 2011. As far as orthography, morphology, syntax and certain aspects of semantics are concerned, and due to the development of powerful neural language models such as GPT-2, this can now (2019) be considered a largely solved problem and is being marketed in various commercial applications.\nLogic translation\nTranslate a text from a natural language into formal logic.\nMachine translation (MT)\nAutomatically translate text from one human language to another.  This is one of the most difficult problems, and is a member of a class of problems colloquially termed ""AI-complete"", i.e. requiring all of the different types of knowledge that humans possess (grammar, semantics, facts about the real world, etc.) to solve properly.\nNatural language understanding (NLU)', 'Common NLP tasks\nThe following is a list of some of the most commonly researched tasks in natural language processing. Some of these tasks have direct real-world applications, while others more commonly serve as subtasks that are used to aid in solving larger tasks.\nThough natural language processing tasks are closely intertwined, they can be subdivided into categories for convenience. A coarse division is given below.', 'Book generation\nNot an NLP task proper but an extension of natural language generation and other NLP tasks is the creation of full-fledged books. The first machine-generated book was created by a rule-based system in 1984 (Racter, The policeman\'s beard is half-constructed). The first published work by a neural network was published in 2018, 1 the Road, marketed as a novel, contains sixty million words. Both these systems are basically elaborate but nonsensical (semantics-free) language models. The first machine-generated science book was published in 2019 (Beta Writer, Lithium-Ion Batteries, Springer, Cham). Unlike Racter and 1 the Road, this is grounded on factual knowledge and based on text summarization.\nDocument AI\nA Document AI platform sits on top of the NLP technology enabling users with no prior experience of artificial intelligence, machine learning or NLP to quickly train a computer to extract the specific data they need from different document types. NLP-powered Document AI enables non-technical teams to quickly access information hidden in documents, for example, lawyers, business analysts and accountants.\nDialogue management\nComputer systems intended to converse with a human.\nQuestion answering\nGiven a human-language question, determine its answer. Typical questions have a specific right answer (such as ""What is the capital of Canada?""), but sometimes open-ended questions are also considered (such as ""What is the meaning of life?"").\nText-to-image generation', 'Applications\nThe transformer has had great success in natural language processing (NLP). Many large language models such as GPT-2, GPT-3, GPT-4, Gemini, AlbertAGPT, Claude, BERT, Grok, XLNet, RoBERTa and ChatGPT demonstrate the ability of transformers to perform a wide variety of NLP-related subtasks and their related real-world applications, including:\n\nmachine translation\ntime series prediction\ndocument summarization\ndocument generation\nnamed entity recognition (NER)\nwriting computer code based on requirements expressed in natural language.\nspeech-to-text\nBeyond traditional NLP, the transformer architecture has had success in other applications, such as:\n\nDisaster response\nbiological sequence analysis\nvideo understanding\nprotein folding (such as AlphaFold)\nevaluating chess board positions. Using static evaluation alone (that is, with no Minimax search) transformer achieved an Elo of 2895, putting it at grandmaster level.\n\nSee also\nseq2seq – Family of machine learning approaches\nCircuit (neural network) – Interpretable computational sub-graphs within artificial neural networks\nPerceiver – Variant of Transformer designed for multimodal data\nVision transformer – Machine learning model for vision processing\nLarge language model – Type of machine learning model\nBERT (language model) – Series of language models developed by Google AI\nGenerative pre-trained transformer – Type of large language model\nT5 (language model) – Series of large language models developed by Google AI', 'Sentiment analysis involves identifying and classifying the emotional tone expressed in text. This technique involves analyzing text to determine whether the expressed sentiment is positive, negative, or neutral. Models for sentiment classification typically utilize inputs such as word n-grams, Term Frequency-Inverse Document Frequency (TF-IDF) features, hand-generated features, or employ deep learning models designed to recognize both long-term and short-term dependencies in text sequences. The applications of sentiment analysis are diverse, extending to tasks such as categorizing customer reviews on various online platforms.\nTerminology extraction\nThe goal of terminology extraction is to automatically extract relevant terms from a given corpus.\nWord-sense disambiguation (WSD)\nMany words have more than one meaning; we have to select the meaning which makes the most sense in context.  For this problem, we are typically given a list of words and associated word senses, e.g. from a dictionary or an online resource such as WordNet.\nEntity linking\nMany words—typically proper names—refer to named entities; here we have to select the entity (a famous individual, a location, a company, etc.) which is referred to in context.']","The applications of Natural Language Processing (NLP) are diverse and include:

1. Machine translation
2. Time series prediction
3. Document summarization
4. Document generation
5. Named entity recognition (NER)
6. Writing computer code based on requirements expressed in natural language
7. Speech-to-text
8. Disaster response
9. Biological sequence analysis
10. Video understanding
11. Protein folding (such as AlphaFold)
12. Evaluating chess board positions
13. Sentiment analysis
14. Terminology extraction
15. Entity linking

Additionally, NLP has applications in various tasks such as:
- Automatic summarization
- Grammatical error correction
- Logic translation
- Natural language understanding (NLU)
- Dialogue management
- Question answering
- Text-to-image generation
- Book generation
- Document AI 

These applications are made possible by the use of various NLP models and architectures, including transformers, which have achieved great success in NLP tasks.","Applications of Natural Language Processing include machine translation, text classification, sentiment analysis, question answering, chatbots, and text summarization.",,,0.7499999999625,
